step,view_id,next_view_id,variance_sum,variance_reduction_rate,variance_reduction_rate_best_so_far,policy_score,centroid_x,centroid_y,centroid_z,distance_to_gt,success
0,6,11,4149.6005859375,0.0,0.0,0.9939453291719752,-0.25332920773433426,0.0010342255176779456,-0.01550419906863208,,
1,11,3,3673.826171875,0.11465547206515311,0.11465547206515311,0.9939804984688696,-0.28390385281974134,-0.020029877626066332,-0.04178393540705913,,
2,3,18,5665.4833984375,-0.36530812571145893,0.11465547206515311,0.9942728098366185,-0.1743465917653705,0.00609703258281337,-0.02127273789070738,,
