step,view_id,next_view_id,variance_sum,variance_reduction_rate,variance_reduction_rate_best_so_far,policy_score,centroid_x,centroid_y,centroid_z,distance_to_gt,success
0,6,0,6311.86376953125,0.0,0.0,0.0,-0.14342461456731534,0.023277374009102833,-0.02180963091901032,,
1,0,1,6064.9609375,0.03911726251493324,0.03911726251493324,0.0,-0.1458187336106312,0.01310796071073338,-0.020388983708593354,,
2,1,2,5834.4052734375,0.07564461362403714,0.07564461362403714,0.0,-0.14703733949723688,0.016794390692347123,-0.014890068797660956,,
