step,view_id,next_view_id,variance_sum,variance_reduction_rate,variance_reduction_rate_best_so_far,policy_score,centroid_x,centroid_y,centroid_z,distance_to_gt,success
0,6,18,5417.5595703125,0.0,0.0,0.0,-0.15993219135243458,0.00385974281882013,-0.0390483712360974,,
1,18,5,5129.44873046875,0.0531809269661858,0.0531809269661858,0.0,-0.1752192784157633,0.0023277138529704472,-0.0345596629442084,,
2,5,17,5147.5185546875,0.04984550924087454,0.0531809269661858,0.0,-0.16835364107663647,0.003330149651867261,-0.025684208939928205,,
