step,view_id,next_view_id,variance_sum,variance_reduction_rate,variance_reduction_rate_best_so_far,policy_score,centroid_x,centroid_y,centroid_z,distance_to_gt,success
0,0,7,3726.38330078125,0.0,0.0,0.0,-0.4735175158996729,-0.015997763887633014,-0.0003280228019411038,,
1,7,21,4218.82421875,-0.13214982953189705,0.0,0.0,-0.4740942049463031,-0.01596832896283572,8.68918980016091e-05,,
2,21,16,4698.8740234375,-0.26097442054669034,0.0,0.0,-0.47407772138841653,-0.01596055814268923,9.701751213188007e-05,,
