step,view_id,next_view_id,variance_sum,variance_reduction_rate,variance_reduction_rate_best_so_far,policy_score,centroid_x,centroid_y,centroid_z,distance_to_gt,success
0,0,1,4777.71484375,0.0,0.0,0.9906228952536728,-0.47398376510846346,-0.016002708954998963,2.802204840702895e-05,,
1,1,23,4648.923828125,0.02695661416324979,0.02695661416324979,0.9871584670680735,-0.4738775638997949,-0.01613057426831843,-7.888559845678998e-05,,
2,23,2,4500.1142578125,0.05810321356885606,0.05810321356885606,0.986802522153554,-0.47411092398358795,-0.01595467115772977,0.00011491394640865659,,
