step,view_id,next_view_id,variance_sum,variance_reduction_rate,variance_reduction_rate_best_so_far,policy_score,centroid_x,centroid_y,centroid_z,distance_to_gt,success
0,0,1,3883.884765625,0.0,0.0,0.9898497143743146,-0.4704923120686919,-0.012446028121891576,-0.0009586366307984444,,
1,1,23,4109.8212890625,-0.058172818472162366,0.0,0.9884778411953764,-0.46132015402241583,-0.0057692452602706445,-0.003515707417789434,,
2,23,2,4033.9345703125,-0.03863394867312799,0.0,0.9836403369426523,-0.4712835228472466,-0.013771070696566932,-0.0009367370467492553,,
