step,view_id,next_view_id,variance_sum,variance_reduction_rate,variance_reduction_rate_best_so_far,policy_score,centroid_x,centroid_y,centroid_z,distance_to_gt,success
0,0,7,3810.75439453125,0.0,0.0,0.0,-0.4713122513338481,-0.013106312354944697,-0.0011456072731108886,,
1,7,21,4154.9814453125,-0.09033042152368688,0.0,0.0,-0.47312662009836226,-0.014941167827109086,-0.0005917597281249062,,
2,21,16,4150.275390625,-0.08909548108925386,0.0,0.0,-0.47335927374396064,-0.015283083913554584,-0.00041208894716219087,,
