step,view_id,next_view_id,variance_sum,variance_reduction_rate,variance_reduction_rate_best_so_far,policy_score,centroid_x,centroid_y,centroid_z,distance_to_gt,success
0,6,15,5450.6474609375,0.0,0.0,0.9941085781044942,-0.1924662605118052,-0.0070822783856287,-0.04807735780811961,,
1,15,0,6182.4189453125,-0.13425404772906316,0.0,0.0,-0.14311707847303548,-0.011091315143020733,-0.035959117008772044,,
2,0,1,6159.359375,-0.13002343650759665,0.0,0.0,-0.1542448929228002,0.0019448243512071395,-0.05188105653012641,,
