step,view_id,next_view_id,variance_sum,variance_reduction_rate,variance_reduction_rate_best_so_far,policy_score,centroid_x,centroid_y,centroid_z,distance_to_gt,success
0,0,7,4678.63232421875,0.0,0.0,0.0,-0.47343698194542677,-0.015415187856044869,-8.265326883083503e-05,,
1,7,21,4404.2568359375,0.058644379226158984,0.058644379226158984,0.0,-0.4739185373151131,-0.01606628839256113,-2.3547939839692096e-07,,
2,21,16,3519.463134765625,0.24775812868490069,0.24775812868490069,0.0,-0.47411092398358795,-0.01595467115772977,0.00011491394640865659,,
