step,view_id,next_view_id,variance_sum,variance_reduction_rate,variance_reduction_rate_best_so_far,policy_score,centroid_x,centroid_y,centroid_z,distance_to_gt,success
0,0,12,3538.9833984375,0.0,0.0,0.0,-0.4740035453779273,-0.01605168866986167,3.131875998432644e-05,,
1,12,1,5298.853515625,-0.49728125821796787,0.0,0.0,-0.4738676737650629,-0.016117151942610864,7.276313409892391e-05,,
2,1,13,3517.85791015625,0.0059693663130991614,0.0059693663130991614,0.0,-0.47267685444745783,-0.015043836844802077,3.2967115772975094e-05,,
